,Cups_Sold,Revenue
count,8,8
mean,89.375,1428.125
std,20.077973005261263,252.6422866425967
min,60,1050
25%,77.5,1256.25
50%,87.5,1425
75%,102.5,1612.5
max,120,1800
